primary_fund	foreign_fund	ranking
VB	SCHA	1
VB	SPSM	9
VB	VBR	22
VB	IJR	49
VB	VBK	17
VB	SMLV	48
VB	SLYV	21
VB	VTWO	38
VB	VIOO	13
VB	SLY	43
VB	SLYG	10
VB	IWM	45
VB	VIOV	16
VB	VTWV	51
VB	VTWG	11
VB	VIOG	24
VB	IWN	41
VB	IWO	4
VB	IJS	12
VB	XSLV	23
VB	FNDA	46
VB	JKJ	19
VB	EQWS	20
VB	IJT	8
VB	JKL	26
VB	SMLF	34
VB	JKK	50
VB	RZV	3
VB	RFV	40
VB	CSF	2
VB	RZG	44
VB	DES	18
VB	EES	6
VB	DGRS	15
VB	RWJ	5
VB	PXSV	47
VB	PRFZ	25
VB	PXSG	14
VB	SMDV	37
VB	EWSC	32
VB	WMCR	27
VB	FDM	33
VB	IWC	29
VB	DWAS	7
VB	FYX	28
VB	FYT	30
VB	FNK	39
VB	FYC	35
VB	SCAP	42
VB	SMCP	31
VB	PZI	36
SCHA	VB	44
SCHA	SPSM	30
SCHA	VBR	6
SCHA	IJR	28
SCHA	VBK	40
SCHA	SMLV	3
SCHA	SLYV	36
SCHA	VTWO	2
SCHA	VIOO	39
SCHA	SLY	43
SCHA	SLYG	18
SCHA	IWM	4
SCHA	VIOV	49
SCHA	VTWV	16
SCHA	VTWG	13
SCHA	VIOG	35
SCHA	IWN	5
SCHA	IWO	32
SCHA	IJS	46
SCHA	XSLV	10
SCHA	FNDA	31
SCHA	JKJ	41
SCHA	EQWS	51
SCHA	IJT	24
SCHA	JKL	7
SCHA	SMLF	26
SCHA	JKK	45
SCHA	RZV	29
SCHA	RFV	9
SCHA	CSF	19
SCHA	RZG	17
SCHA	DES	22
SCHA	EES	37
SCHA	DGRS	50
SCHA	RWJ	14
SCHA	PXSV	20
SCHA	PRFZ	12
SCHA	PXSG	1
SCHA	SMDV	11
SCHA	EWSC	33
SCHA	WMCR	15
SCHA	FDM	8
SCHA	IWC	21
SCHA	DWAS	34
SCHA	FYX	38
SCHA	FYT	47
SCHA	FNK	42
SCHA	FYC	23
SCHA	SCAP	48
SCHA	SMCP	25
SCHA	PZI	27
SPSM	VB	49
SPSM	SCHA	8
SPSM	VBR	42
SPSM	IJR	29
SPSM	VBK	16
SPSM	SMLV	13
SPSM	SLYV	26
SPSM	VTWO	40
SPSM	VIOO	22
SPSM	SLY	39
SPSM	SLYG	25
SPSM	IWM	3
SPSM	VIOV	43
SPSM	VTWV	34
SPSM	VTWG	1
SPSM	VIOG	20
SPSM	IWN	15
SPSM	IWO	21
SPSM	IJS	17
SPSM	XSLV	28
SPSM	FNDA	32
SPSM	JKJ	46
SPSM	EQWS	18
SPSM	IJT	27
SPSM	JKL	36
SPSM	SMLF	31
SPSM	JKK	9
SPSM	RZV	12
SPSM	RFV	4
SPSM	CSF	7
SPSM	RZG	44
SPSM	DES	37
SPSM	EES	23
SPSM	DGRS	35
SPSM	RWJ	50
SPSM	PXSV	6
SPSM	PRFZ	30
SPSM	PXSG	14
SPSM	SMDV	47
SPSM	EWSC	19
SPSM	WMCR	51
SPSM	FDM	24
SPSM	IWC	45
SPSM	DWAS	5
SPSM	FYX	38
SPSM	FYT	41
SPSM	FNK	48
SPSM	FYC	11
SPSM	SCAP	2
SPSM	SMCP	33
SPSM	PZI	10
VBR	VB	8
VBR	SCHA	46
VBR	SPSM	33
VBR	IJR	30
VBR	VBK	43
VBR	SMLV	6
VBR	SLYV	38
VBR	VTWO	4
VBR	VIOO	42
VBR	SLY	20
VBR	SLYG	51
VBR	IWM	18
VBR	VIOV	15
VBR	VTWV	37
VBR	VTWG	32
VBR	VIOG	34
VBR	IWN	45
VBR	IWO	48
VBR	IJS	12
VBR	XSLV	44
VBR	FNDA	2
VBR	JKJ	26
VBR	EQWS	41
VBR	IJT	9
VBR	JKL	29
VBR	SMLF	47
VBR	JKK	31
VBR	RZV	21
VBR	RFV	19
VBR	CSF	24
VBR	RZG	3
VBR	DES	10
VBR	EES	39
VBR	DGRS	1
VBR	RWJ	16
VBR	PXSV	23
VBR	PRFZ	14
VBR	PXSG	13
VBR	SMDV	36
VBR	EWSC	17
VBR	WMCR	11
VBR	FDM	49
VBR	IWC	22
VBR	DWAS	7
VBR	FYX	40
VBR	FYT	28
VBR	FNK	25
VBR	FYC	50
VBR	SCAP	35
VBR	SMCP	5
VBR	PZI	27
IJR	VB	44
IJR	SCHA	35
IJR	SPSM	48
IJR	VBR	7
IJR	VBK	41
IJR	SMLV	29
IJR	SLYV	15
IJR	VTWO	42
IJR	VIOO	13
IJR	SLY	25
IJR	SLYG	39
IJR	IWM	21
IJR	VIOV	38
IJR	VTWV	24
IJR	VTWG	28
IJR	VIOG	3
IJR	IWN	33
IJR	IWO	51
IJR	IJS	20
IJR	XSLV	14
IJR	FNDA	16
IJR	JKJ	31
IJR	EQWS	45
IJR	IJT	17
IJR	JKL	26
IJR	SMLF	36
IJR	JKK	9
IJR	RZV	11
IJR	RFV	30
IJR	CSF	19
IJR	RZG	23
IJR	DES	2
IJR	EES	22
IJR	DGRS	46
IJR	RWJ	12
IJR	PXSV	40
IJR	PRFZ	10
IJR	PXSG	6
IJR	SMDV	47
IJR	EWSC	27
IJR	WMCR	18
IJR	FDM	43
IJR	IWC	49
IJR	DWAS	4
IJR	FYX	32
IJR	FYT	37
IJR	FNK	5
IJR	FYC	1
IJR	SCAP	50
IJR	SMCP	34
IJR	PZI	8
VBK	VB	20
VBK	SCHA	17
VBK	SPSM	51
VBK	VBR	13
VBK	IJR	38
VBK	SMLV	14
VBK	SLYV	22
VBK	VTWO	35
VBK	VIOO	11
VBK	SLY	30
VBK	SLYG	10
VBK	IWM	34
VBK	VIOV	26
VBK	VTWV	12
VBK	VTWG	6
VBK	VIOG	24
VBK	IWN	7
VBK	IWO	29
VBK	IJS	37
VBK	XSLV	3
VBK	FNDA	18
VBK	JKJ	25
VBK	EQWS	36
VBK	IJT	8
VBK	JKL	32
VBK	SMLF	21
VBK	JKK	40
VBK	RZV	47
VBK	RFV	16
VBK	CSF	2
VBK	RZG	15
VBK	DES	31
VBK	EES	39
VBK	DGRS	19
VBK	RWJ	28
VBK	PXSV	9
VBK	PRFZ	23
VBK	PXSG	33
VBK	SMDV	27
VBK	EWSC	50
VBK	WMCR	46
VBK	FDM	42
VBK	IWC	41
VBK	DWAS	43
VBK	FYX	1
VBK	FYT	5
VBK	FNK	48
VBK	FYC	4
VBK	SCAP	44
VBK	SMCP	49
VBK	PZI	45
SMLV	VB	25
SMLV	SCHA	12
SMLV	SPSM	38
SMLV	VBR	9
SMLV	IJR	22
SMLV	VBK	36
SMLV	SLYV	17
SMLV	VTWO	34
SMLV	VIOO	21
SMLV	SLY	50
SMLV	SLYG	30
SMLV	IWM	48
SMLV	VIOV	45
SMLV	VTWV	16
SMLV	VTWG	11
SMLV	VIOG	13
SMLV	IWN	24
SMLV	IWO	27
SMLV	IJS	42
SMLV	XSLV	23
SMLV	FNDA	32
SMLV	JKJ	5
SMLV	EQWS	20
SMLV	IJT	39
SMLV	JKL	8
SMLV	SMLF	26
SMLV	JKK	51
SMLV	RZV	49
SMLV	RFV	3
SMLV	CSF	40
SMLV	RZG	33
SMLV	DES	18
SMLV	EES	31
SMLV	DGRS	46
SMLV	RWJ	2
SMLV	PXSV	44
SMLV	PRFZ	10
SMLV	PXSG	43
SMLV	SMDV	15
SMLV	EWSC	47
SMLV	WMCR	41
SMLV	FDM	28
SMLV	IWC	1
SMLV	DWAS	37
SMLV	FYX	19
SMLV	FYT	7
SMLV	FNK	4
SMLV	FYC	29
SMLV	SCAP	14
SMLV	SMCP	35
SMLV	PZI	6
SLYV	VB	29
SLYV	SCHA	12
SLYV	SPSM	50
SLYV	VBR	37
SLYV	IJR	34
SLYV	VBK	47
SLYV	SMLV	10
SLYV	VTWO	42
SLYV	VIOO	9
SLYV	SLY	46
SLYV	SLYG	24
SLYV	IWM	4
SLYV	VIOV	22
SLYV	VTWV	19
SLYV	VTWG	41
SLYV	VIOG	36
SLYV	IWN	38
SLYV	IWO	49
SLYV	IJS	1
SLYV	XSLV	16
SLYV	FNDA	48
SLYV	JKJ	6
SLYV	EQWS	30
SLYV	IJT	45
SLYV	JKL	13
SLYV	SMLF	33
SLYV	JKK	51
SLYV	RZV	25
SLYV	RFV	23
SLYV	CSF	28
SLYV	RZG	14
SLYV	DES	7
SLYV	EES	43
SLYV	DGRS	5
SLYV	RWJ	20
SLYV	PXSV	27
SLYV	PRFZ	18
SLYV	PXSG	35
SLYV	SMDV	17
SLYV	EWSC	40
SLYV	WMCR	21
SLYV	FDM	15
SLYV	IWC	2
SLYV	DWAS	26
SLYV	FYX	8
SLYV	FYT	11
SLYV	FNK	44
SLYV	FYC	32
SLYV	SCAP	3
SLYV	SMCP	39
SLYV	PZI	31
VTWO	VB	45
VTWO	SCHA	27
VTWO	SPSM	44
VTWO	VBR	30
VTWO	IJR	34
VTWO	VBK	9
VTWO	SMLV	48
VTWO	SLYV	39
VTWO	VIOO	6
VTWO	SLY	3
VTWO	SLYG	26
VTWO	IWM	47
VTWO	VIOV	20
VTWO	VTWV	22
VTWO	VTWG	37
VTWO	VIOG	51
VTWO	IWN	21
VTWO	IWO	23
VTWO	IJS	32
VTWO	XSLV	42
VTWO	FNDA	15
VTWO	JKJ	17
VTWO	EQWS	36
VTWO	IJT	8
VTWO	JKL	13
VTWO	SMLF	49
VTWO	JKK	28
VTWO	RZV	41
VTWO	RFV	40
VTWO	CSF	5
VTWO	RZG	11
VTWO	DES	35
VTWO	EES	19
VTWO	DGRS	2
VTWO	RWJ	4
VTWO	PXSV	24
VTWO	PRFZ	1
VTWO	PXSG	29
VTWO	SMDV	50
VTWO	EWSC	12
VTWO	WMCR	10
VTWO	FDM	43
VTWO	IWC	46
VTWO	DWAS	25
VTWO	FYX	38
VTWO	FYT	7
VTWO	FNK	31
VTWO	FYC	33
VTWO	SCAP	16
VTWO	SMCP	14
VTWO	PZI	18
VIOO	VB	25
VIOO	SCHA	32
VIOO	SPSM	11
VIOO	VBR	37
VIOO	IJR	23
VIOO	VBK	39
VIOO	SMLV	42
VIOO	SLYV	45
VIOO	VTWO	10
VIOO	SLY	18
VIOO	SLYG	2
VIOO	IWM	49
VIOO	VIOV	38
VIOO	VTWV	7
VIOO	VTWG	40
VIOO	VIOG	12
VIOO	IWN	46
VIOO	IWO	34
VIOO	IJS	20
VIOO	XSLV	47
VIOO	FNDA	30
VIOO	JKJ	44
VIOO	EQWS	26
VIOO	IJT	43
VIOO	JKL	29
VIOO	SMLF	33
VIOO	JKK	8
VIOO	RZV	5
VIOO	RFV	19
VIOO	CSF	21
VIOO	RZG	36
VIOO	DES	50
VIOO	EES	22
VIOO	DGRS	31
VIOO	RWJ	41
VIOO	PXSV	14
VIOO	PRFZ	16
VIOO	PXSG	35
VIOO	SMDV	48
VIOO	EWSC	27
VIOO	WMCR	4
VIOO	FDM	1
VIOO	IWC	3
VIOO	DWAS	51
VIOO	FYX	28
VIOO	FYT	9
VIOO	FNK	24
VIOO	FYC	6
VIOO	SCAP	13
VIOO	SMCP	15
VIOO	PZI	17
SLY	VB	6
SLY	SCHA	32
SLY	SPSM	3
SLY	VBR	16
SLY	IJR	30
SLY	VBK	12
SLY	SMLV	29
SLY	SLYV	15
SLY	VTWO	19
SLY	VIOO	44
SLY	SLYG	33
SLY	IWM	24
SLY	VIOV	42
SLY	VTWV	39
SLY	VTWG	10
SLY	VIOG	5
SLY	IWN	11
SLY	IWO	7
SLY	IJS	18
SLY	XSLV	22
SLY	FNDA	36
SLY	JKJ	8
SLY	EQWS	17
SLY	IJT	27
SLY	JKL	21
SLY	SMLF	50
SLY	JKK	2
SLY	RZV	45
SLY	RFV	48
SLY	CSF	34
SLY	RZG	13
SLY	DES	25
SLY	EES	40
SLY	DGRS	47
SLY	RWJ	20
SLY	PXSV	4
SLY	PRFZ	37
SLY	PXSG	9
SLY	SMDV	41
SLY	EWSC	14
SLY	WMCR	35
SLY	FDM	49
SLY	IWC	46
SLY	DWAS	28
SLY	FYX	31
SLY	FYT	38
SLY	FNK	1
SLY	FYC	43
SLY	SCAP	23
SLY	SMCP	51
SLY	PZI	26
SLYG	VB	22
SLYG	SCHA	50
SLYG	SPSM	18
SLYG	VBR	49
SLYG	IJR	21
SLYG	VBK	39
SLYG	SMLV	13
SLYG	SLYV	44
SLYG	VTWO	11
SLYG	VIOO	46
SLYG	SLY	17
SLYG	IWM	1
SLYG	VIOV	12
SLYG	VTWV	14
SLYG	VTWG	25
SLYG	VIOG	42
SLYG	IWN	5
SLYG	IWO	23
SLYG	IJS	47
SLYG	XSLV	41
SLYG	FNDA	19
SLYG	JKJ	2
SLYG	EQWS	8
SLYG	IJT	27
SLYG	JKL	35
SLYG	SMLF	51
SLYG	JKK	4
SLYG	RZV	40
SLYG	RFV	3
SLYG	CSF	45
SLYG	RZG	10
SLYG	DES	26
SLYG	EES	24
SLYG	DGRS	6
SLYG	RWJ	15
SLYG	PXSV	48
SLYG	PRFZ	38
SLYG	PXSG	34
SLYG	SMDV	16
SLYG	EWSC	33
SLYG	WMCR	28
SLYG	FDM	30
SLYG	IWC	7
SLYG	DWAS	29
SLYG	FYX	37
SLYG	FYT	43
SLYG	FNK	20
SLYG	FYC	32
SLYG	SCAP	9
SLYG	SMCP	31
SLYG	PZI	36
IWM	VB	30
IWM	SCHA	18
IWM	SPSM	4
IWM	VBR	31
IWM	IJR	2
IWM	VBK	14
IWM	SMLV	28
IWM	SLYV	10
IWM	VTWO	27
IWM	VIOO	13
IWM	SLY	17
IWM	SLYG	43
IWM	VIOV	22
IWM	VTWV	40
IWM	VTWG	38
IWM	VIOG	9
IWM	IWN	3
IWM	IWO	5
IWM	IJS	20
IWM	XSLV	34
IWM	FNDA	6
IWM	JKJ	15
IWM	EQWS	25
IWM	IJT	49
IWM	JKL	51
IWM	SMLF	19
IWM	JKK	44
IWM	RZV	42
IWM	RFV	47
IWM	CSF	32
IWM	RZG	11
IWM	DES	24
IWM	EES	23
IWM	DGRS	39
IWM	RWJ	45
IWM	PXSV	37
IWM	PRFZ	36
IWM	PXSG	7
IWM	SMDV	35
IWM	EWSC	12
IWM	WMCR	33
IWM	FDM	46
IWM	IWC	26
IWM	DWAS	29
IWM	FYX	8
IWM	FYT	21
IWM	FNK	41
IWM	FYC	16
IWM	SCAP	48
IWM	SMCP	50
IWM	PZI	1
VIOV	VB	11
VIOV	SCHA	10
VIOV	SPSM	49
VIOV	VBR	35
VIOV	IJR	33
VIOV	VBK	45
VIOV	SMLV	8
VIOV	SLYV	41
VIOV	VTWO	7
VIOV	VIOO	44
VIOV	SLY	48
VIOV	SLYG	23
VIOV	IWM	9
VIOV	VTWV	3
VIOV	VTWG	21
VIOV	VIOG	18
VIOV	IWN	40
VIOV	IWO	37
VIOV	IJS	51
VIOV	XSLV	15
VIOV	FNDA	36
VIOV	JKJ	46
VIOV	EQWS	5
VIOV	IJT	29
VIOV	JKL	12
VIOV	SMLF	31
VIOV	JKK	50
VIOV	RZV	34
VIOV	RFV	14
VIOV	CSF	24
VIOV	RZG	22
VIOV	DES	27
VIOV	EES	42
VIOV	DGRS	4
VIOV	RWJ	19
VIOV	PXSV	25
VIOV	PRFZ	17
VIOV	PXSG	6
VIOV	SMDV	16
VIOV	EWSC	38
VIOV	WMCR	20
VIOV	FDM	13
VIOV	IWC	26
VIOV	DWAS	39
VIOV	FYX	43
VIOV	FYT	1
VIOV	FNK	47
VIOV	FYC	28
VIOV	SCAP	2
VIOV	SMCP	30
VIOV	PZI	32
VTWV	VB	50
VTWV	SCHA	44
VTWV	SPSM	11
VTWV	VBR	8
VTWV	IJR	31
VTWV	VBK	1
VTWV	SMLV	25
VTWV	SLYV	27
VTWV	VTWO	39
VTWV	VIOO	42
VTWV	SLY	5
VTWV	SLYG	26
VTWV	IWM	28
VTWV	VIOV	37
VTWV	VTWG	47
VTWV	VIOG	19
VTWV	IWN	35
VTWV	IWO	2
VTWV	IJS	22
VTWV	XSLV	41
VTWV	FNDA	14
VTWV	JKJ	13
VTWV	EQWS	18
VTWV	IJT	3
VTWV	JKL	33
VTWV	SMLF	46
VTWV	JKK	45
VTWV	RZV	10
VTWV	RFV	16
VTWV	CSF	32
VTWV	RZG	40
VTWV	DES	24
VTWV	EES	7
VTWV	DGRS	9
VTWV	RWJ	29
VTWV	PXSV	6
VTWV	PRFZ	34
VTWV	PXSG	4
VTWV	SMDV	17
VTWV	EWSC	38
VTWV	WMCR	15
VTWV	FDM	48
VTWV	IWC	51
VTWV	DWAS	30
VTWV	FYX	21
VTWV	FYT	12
VTWV	FNK	36
VTWV	FYC	43
VTWV	SCAP	49
VTWV	SMCP	23
VTWV	PZI	20
VTWG	VB	26
VTWG	SCHA	22
VTWG	SPSM	11
VTWG	VBR	31
VTWG	IJR	21
VTWG	VBK	12
VTWG	SMLV	36
VTWG	SLYV	19
VTWG	VTWO	6
VTWG	VIOO	44
VTWG	SLY	20
VTWG	SLYG	42
VTWG	IWM	3
VTWG	VIOV	17
VTWG	VTWV	50
VTWG	VIOG	16
VTWG	IWN	2
VTWG	IWO	29
VTWG	IJS	49
VTWG	XSLV	43
VTWG	FNDA	45
VTWG	JKJ	9
VTWG	EQWS	23
VTWG	IJT	46
VTWG	JKL	4
VTWG	SMLF	14
VTWG	JKK	37
VTWG	RZV	40
VTWG	RFV	8
VTWG	CSF	32
VTWG	RZG	51
VTWG	DES	13
VTWG	EES	28
VTWG	DGRS	34
VTWG	RWJ	7
VTWG	PXSV	25
VTWG	PRFZ	27
VTWG	PXSG	47
VTWG	SMDV	24
VTWG	EWSC	1
VTWG	WMCR	35
VTWG	FDM	33
VTWG	IWC	15
VTWG	DWAS	18
VTWG	FYX	48
VTWG	FYT	39
VTWG	FNK	30
VTWG	FYC	5
VTWG	SCAP	10
VTWG	SMCP	41
VTWG	PZI	38
VIOG	VB	5
VIOG	SCHA	45
VIOG	SPSM	14
VIOG	VBR	46
VIOG	IJR	9
VIOG	VBK	19
VIOG	SMLV	2
VIOG	SLYV	40
VIOG	VTWO	27
VIOG	VIOO	3
VIOG	SLY	25
VIOG	SLYG	37
VIOG	IWM	51
VIOG	VIOV	33
VIOG	VTWV	50
VIOG	VTWG	36
VIOG	IWN	15
VIOG	IWO	12
VIOG	IJS	32
VIOG	XSLV	26
VIOG	FNDA	28
VIOG	JKJ	43
VIOG	EQWS	6
VIOG	IJT	29
VIOG	JKL	38
VIOG	SMLF	48
VIOG	JKK	21
VIOG	RZV	23
VIOG	RFV	42
VIOG	CSF	4
VIOG	RZG	34
VIOG	DES	47
VIOG	EES	11
VIOG	DGRS	17
VIOG	RWJ	41
VIOG	PXSV	8
VIOG	PRFZ	10
VIOG	PXSG	30
VIOG	SMDV	7
VIOG	EWSC	35
VIOG	WMCR	18
VIOG	FDM	16
VIOG	IWC	49
VIOG	DWAS	1
VIOG	FYX	31
VIOG	FYT	44
VIOG	FNK	13
VIOG	FYC	39
VIOG	SCAP	22
VIOG	SMCP	20
VIOG	PZI	24
IWN	VB	32
IWN	SCHA	3
IWN	SPSM	25
IWN	VBR	49
IWN	IJR	4
IWN	VBK	51
IWN	SMLV	11
IWN	SLYV	15
IWN	VTWO	29
IWN	VIOO	50
IWN	SLY	10
IWN	SLYG	19
IWN	IWM	14
IWN	VIOV	43
IWN	VTWV	8
IWN	VTWG	26
IWN	VIOG	46
IWN	IWO	38
IWN	IJS	36
IWN	XSLV	41
IWN	FNDA	27
IWN	JKJ	20
IWN	EQWS	6
IWN	IJT	18
IWN	JKL	33
IWN	SMLF	37
IWN	JKK	40
IWN	RZV	5
IWN	RFV	13
IWN	CSF	48
IWN	RZG	30
IWN	DES	2
IWN	EES	34
IWN	DGRS	7
IWN	RWJ	28
IWN	PXSV	42
IWN	PRFZ	12
IWN	PXSG	39
IWN	SMDV	21
IWN	EWSC	24
IWN	WMCR	31
IWN	FDM	45
IWN	IWC	16
IWN	DWAS	22
IWN	FYX	44
IWN	FYT	23
IWN	FNK	17
IWN	FYC	47
IWN	SCAP	1
IWN	SMCP	9
IWN	PZI	35
IWO	VB	11
IWO	SCHA	25
IWO	SPSM	35
IWO	VBR	18
IWO	IJR	17
IWO	VBK	5
IWO	SMLV	42
IWO	SLYV	40
IWO	VTWO	1
IWO	VIOO	15
IWO	SLY	48
IWO	SLYG	14
IWO	IWM	30
IWO	VIOV	16
IWO	VTWV	10
IWO	VTWG	28
IWO	VIOG	47
IWO	IWN	44
IWO	IJS	4
IWO	XSLV	7
IWO	FNDA	22
IWO	JKJ	43
IWO	EQWS	3
IWO	IJT	12
IWO	JKL	36
IWO	SMLF	51
IWO	JKK	19
IWO	RZV	38
IWO	RFV	6
IWO	CSF	41
IWO	RZG	21
IWO	DES	31
IWO	EES	29
IWO	DGRS	34
IWO	RWJ	13
IWO	PXSV	20
IWO	PRFZ	49
IWO	PXSG	26
IWO	SMDV	32
IWO	EWSC	24
IWO	WMCR	23
IWO	FDM	46
IWO	IWC	27
IWO	DWAS	8
IWO	FYX	50
IWO	FYT	9
IWO	FNK	45
IWO	FYC	39
IWO	SCAP	2
IWO	SMCP	37
IWO	PZI	33
IJS	VB	1
IJS	SCHA	11
IJS	SPSM	46
IJS	VBR	45
IJS	IJR	33
IJS	VBK	19
IJS	SMLV	17
IJS	SLYV	29
IJS	VTWO	43
IJS	VIOO	25
IJS	SLY	42
IJS	SLYG	28
IJS	IWM	32
IJS	VIOV	7
IJS	VTWV	44
IJS	VTWG	38
IJS	VIOG	5
IJS	IWN	2
IJS	IWO	24
IJS	XSLV	20
IJS	FNDA	35
IJS	JKJ	50
IJS	EQWS	21
IJS	IJT	30
IJS	JKL	40
IJS	SMLF	13
IJS	JKK	47
IJS	RZV	15
IJS	RFV	34
IJS	CSF	18
IJS	RZG	49
IJS	DES	8
IJS	EES	6
IJS	DGRS	26
IJS	RWJ	39
IJS	PXSV	3
IJS	PRFZ	9
IJS	PXSG	41
IJS	SMDV	51
IJS	EWSC	22
IJS	WMCR	4
IJS	FDM	48
IJS	IWC	10
IJS	DWAS	23
IJS	FYX	27
IJS	FYT	36
IJS	FNK	31
IJS	FYC	12
IJS	SCAP	37
IJS	SMCP	14
IJS	PZI	16
XSLV	VB	32
XSLV	SCHA	44
XSLV	SPSM	21
XSLV	VBR	40
XSLV	IJR	20
XSLV	VBK	43
XSLV	SMLV	10
XSLV	SLYV	35
XSLV	VTWO	15
XSLV	VIOO	33
XSLV	SLY	17
XSLV	SLYG	39
XSLV	IWM	23
XSLV	VIOV	34
XSLV	VTWV	36
XSLV	VTWG	47
XSLV	VIOG	13
XSLV	IWN	27
XSLV	IWO	45
XSLV	IJS	18
XSLV	FNDA	41
XSLV	JKJ	24
XSLV	EQWS	30
XSLV	IJT	49
XSLV	JKL	6
XSLV	SMLF	22
XSLV	JKK	26
XSLV	RZV	11
XSLV	RFV	25
XSLV	CSF	16
XSLV	RZG	48
XSLV	DES	46
XSLV	EES	29
XSLV	DGRS	37
XSLV	RWJ	28
XSLV	PXSV	19
XSLV	PRFZ	9
XSLV	PXSG	5
XSLV	SMDV	38
XSLV	EWSC	4
XSLV	WMCR	50
XSLV	FDM	1
XSLV	IWC	12
XSLV	DWAS	51
XSLV	FYX	8
XSLV	FYT	14
XSLV	FNK	42
XSLV	FYC	3
XSLV	SCAP	31
XSLV	SMCP	2
XSLV	PZI	7
FNDA	VB	45
FNDA	SCHA	24
FNDA	SPSM	50
FNDA	VBR	36
FNDA	IJR	51
FNDA	VBK	4
FNDA	SMLV	7
FNDA	SLYV	23
FNDA	VTWO	1
FNDA	VIOO	31
FNDA	SLY	15
FNDA	SLYG	11
FNDA	IWM	20
FNDA	VIOV	10
FNDA	VTWV	25
FNDA	VTWG	8
FNDA	VIOG	46
FNDA	IWN	33
FNDA	IWO	9
FNDA	IJS	30
FNDA	XSLV	43
FNDA	JKJ	6
FNDA	EQWS	39
FNDA	IJT	5
FNDA	JKL	42
FNDA	SMLF	18
FNDA	JKK	38
FNDA	RZV	32
FNDA	RFV	34
FNDA	CSF	49
FNDA	RZG	12
FNDA	DES	35
FNDA	EES	44
FNDA	DGRS	3
FNDA	RWJ	48
FNDA	PXSV	26
FNDA	PRFZ	29
FNDA	PXSG	21
FNDA	SMDV	40
FNDA	EWSC	17
FNDA	WMCR	47
FNDA	FDM	13
FNDA	IWC	16
FNDA	DWAS	41
FNDA	FYX	22
FNDA	FYT	37
FNDA	FNK	14
FNDA	FYC	28
FNDA	SCAP	19
FNDA	SMCP	27
FNDA	PZI	2
JKJ	VB	17
JKJ	SCHA	22
JKJ	SPSM	7
JKJ	VBR	14
JKJ	IJR	21
JKJ	VBK	37
JKJ	SMLV	13
JKJ	SLYV	12
JKJ	VTWO	28
JKJ	VIOO	18
JKJ	SLY	20
JKJ	SLYG	44
JKJ	IWM	42
JKJ	VIOV	25
JKJ	VTWV	34
JKJ	VTWG	24
JKJ	VIOG	15
JKJ	IWN	29
JKJ	IWO	39
JKJ	IJS	9
JKJ	XSLV	36
JKJ	FNDA	6
JKJ	EQWS	33
JKJ	IJT	1
JKJ	JKL	32
JKJ	SMLF	5
JKJ	JKK	51
JKJ	RZV	35
JKJ	RFV	46
JKJ	CSF	48
JKJ	RZG	8
JKJ	DES	26
JKJ	EES	47
JKJ	DGRS	30
JKJ	RWJ	11
JKJ	PXSV	40
JKJ	PRFZ	4
JKJ	PXSG	43
JKJ	SMDV	10
JKJ	EWSC	38
JKJ	WMCR	3
JKJ	FDM	2
JKJ	IWC	45
JKJ	DWAS	41
JKJ	FYX	50
JKJ	FYT	31
JKJ	FNK	16
JKJ	FYC	23
JKJ	SCAP	27
JKJ	SMCP	49
JKJ	PZI	19
EQWS	VB	45
EQWS	SCHA	39
EQWS	SPSM	6
EQWS	VBR	41
EQWS	IJR	12
EQWS	VBK	47
EQWS	SMLV	7
EQWS	SLYV	13
EQWS	VTWO	9
EQWS	VIOO	20
EQWS	SLY	37
EQWS	SLYG	51
EQWS	IWM	8
EQWS	VIOV	18
EQWS	VTWV	42
EQWS	VTWG	14
EQWS	VIOG	16
EQWS	IWN	48
EQWS	IWO	3
EQWS	IJS	22
EQWS	XSLV	30
EQWS	FNDA	46
EQWS	JKJ	50
EQWS	IJT	35
EQWS	JKL	49
EQWS	SMLF	40
EQWS	JKK	5
EQWS	RZV	21
EQWS	RFV	19
EQWS	CSF	2
EQWS	RZG	11
EQWS	DES	1
EQWS	EES	43
EQWS	DGRS	34
EQWS	RWJ	10
EQWS	PXSV	29
EQWS	PRFZ	33
EQWS	PXSG	28
EQWS	SMDV	23
EQWS	EWSC	25
EQWS	WMCR	36
EQWS	FDM	24
EQWS	IWC	17
EQWS	DWAS	32
EQWS	FYX	38
EQWS	FYT	15
EQWS	FNK	27
EQWS	FYC	44
EQWS	SCAP	4
EQWS	SMCP	26
EQWS	PZI	31
IJT	VB	45
IJT	SCHA	9
IJT	SPSM	13
IJT	VBR	16
IJT	IJR	8
IJT	VBK	32
IJT	SMLV	47
IJT	SLYV	40
IJT	VTWO	24
IJT	VIOO	6
IJT	SLY	29
IJT	SLYG	10
IJT	IWM	34
IJT	VIOV	4
IJT	VTWV	17
IJT	VTWG	42
IJT	VIOG	18
IJT	IWN	38
IJT	IWO	15
IJT	IJS	48
IJT	XSLV	14
IJT	FNDA	51
IJT	JKJ	27
IJT	EQWS	41
IJT	JKL	33
IJT	SMLF	30
IJT	JKK	7
IJT	RZV	21
IJT	RFV	39
IJT	CSF	12
IJT	RZG	35
IJT	DES	37
IJT	EES	43
IJT	DGRS	5
IJT	RWJ	19
IJT	PXSV	49
IJT	PRFZ	11
IJT	PXSG	26
IJT	SMDV	22
IJT	EWSC	25
IJT	WMCR	20
IJT	FDM	3
IJT	IWC	31
IJT	DWAS	50
IJT	FYX	46
IJT	FYT	44
IJT	FNK	23
IJT	FYC	28
IJT	SCAP	1
IJT	SMCP	2
IJT	PZI	36
JKL	VB	15
JKL	SCHA	32
JKL	SPSM	18
JKL	VBR	22
JKL	IJR	47
JKL	VBK	36
JKL	SMLV	33
JKL	SLYV	27
JKL	VTWO	45
JKL	VIOO	42
JKL	SLY	14
JKL	SLYG	35
JKL	IWM	8
JKL	VIOV	10
JKL	VTWV	25
JKL	VTWG	39
JKL	VIOG	9
JKL	IWN	11
JKL	IWO	20
JKL	IJS	30
JKL	XSLV	24
JKL	FNDA	2
JKL	JKJ	5
JKL	EQWS	48
JKL	IJT	51
JKL	SMLF	37
JKL	JKK	16
JKL	RZV	28
JKL	RFV	44
JKL	CSF	50
JKL	RZG	23
JKL	DES	7
JKL	EES	40
JKL	DGRS	43
JKL	RWJ	12
JKL	PXSV	17
JKL	PRFZ	38
JKL	PXSG	1
JKL	SMDV	21
JKL	EWSC	49
JKL	WMCR	31
JKL	FDM	34
JKL	IWC	13
JKL	DWAS	41
JKL	FYX	4
JKL	FYT	46
JKL	FNK	26
JKL	FYC	6
JKL	SCAP	3
JKL	SMCP	29
JKL	PZI	19
SMLF	VB	27
SMLF	SCHA	44
SMLF	SPSM	42
SMLF	VBR	13
SMLF	IJR	34
SMLF	VBK	7
SMLF	SMLV	9
SMLF	SLYV	21
SMLF	VTWO	24
SMLF	VIOO	38
SMLF	SLY	10
SMLF	SLYG	19
SMLF	IWM	29
SMLF	VIOV	2
SMLF	VTWV	17
SMLF	VTWG	35
SMLF	VIOG	4
SMLF	IWN	23
SMLF	IWO	47
SMLF	IJS	48
SMLF	XSLV	46
SMLF	FNDA	51
SMLF	JKJ	36
SMLF	EQWS	15
SMLF	IJT	28
SMLF	JKL	43
SMLF	JKK	49
SMLF	RZV	41
SMLF	RFV	22
SMLF	CSF	40
SMLF	RZG	11
SMLF	DES	39
SMLF	EES	6
SMLF	DGRS	16
SMLF	RWJ	37
SMLF	PXSV	50
SMLF	PRFZ	30
SMLF	PXSG	33
SMLF	SMDV	12
SMLF	EWSC	25
SMLF	WMCR	45
SMLF	FDM	18
SMLF	IWC	20
SMLF	DWAS	1
SMLF	FYX	26
SMLF	FYT	3
SMLF	FNK	31
SMLF	FYC	8
SMLF	SCAP	14
SMLF	SMCP	5
SMLF	PZI	32
JKK	VB	14
JKK	SCHA	18
JKK	SPSM	44
JKK	VBR	32
JKK	IJR	30
JKK	VBK	24
JKK	SMLV	42
JKK	SLYV	39
JKK	VTWO	10
JKK	VIOO	31
JKK	SLY	5
JKK	SLYG	7
JKK	IWM	21
JKK	VIOV	36
JKK	VTWV	6
JKK	VTWG	16
JKK	VIOG	26
JKK	IWN	50
JKK	IWO	33
JKK	IJS	1
JKK	XSLV	20
JKK	FNDA	15
JKK	JKJ	4
JKK	EQWS	35
JKK	IJT	45
JKK	JKL	43
JKK	SMLF	48
JKK	RZV	12
JKK	RFV	25
JKK	CSF	40
JKK	RZG	46
JKK	DES	38
JKK	EES	27
JKK	DGRS	19
JKK	RWJ	37
JKK	PXSV	8
JKK	PRFZ	41
JKK	PXSG	3
JKK	SMDV	34
JKK	EWSC	47
JKK	WMCR	9
JKK	FDM	13
JKK	IWC	22
JKK	DWAS	17
JKK	FYX	49
JKK	FYT	23
JKK	FNK	51
JKK	FYC	28
JKK	SCAP	11
JKK	SMCP	2
JKK	PZI	29
RZV	VB	32
RZV	SCHA	28
RZV	SPSM	11
RZV	VBR	25
RZV	IJR	50
RZV	VBK	34
RZV	SMLV	46
RZV	SLYV	23
RZV	VTWO	42
RZV	VIOO	22
RZV	SLY	45
RZV	SLYG	12
RZV	IWM	37
RZV	VIOV	17
RZV	VTWV	35
RZV	VTWG	18
RZV	VIOG	41
RZV	IWN	49
RZV	IWO	14
RZV	IJS	29
RZV	XSLV	36
RZV	FNDA	38
RZV	JKJ	47
RZV	EQWS	19
RZV	IJT	43
RZV	JKL	26
RZV	SMLF	51
RZV	JKK	8
RZV	RFV	24
RZV	CSF	13
RZV	RZG	20
RZV	DES	27
RZV	EES	33
RZV	DGRS	48
RZV	RWJ	30
RZV	PXSV	39
RZV	PRFZ	21
RZV	PXSG	44
RZV	SMDV	15
RZV	EWSC	7
RZV	WMCR	10
RZV	FDM	40
RZV	IWC	6
RZV	DWAS	1
RZV	FYX	2
RZV	FYT	31
RZV	FNK	3
RZV	FYC	16
RZV	SCAP	4
RZV	SMCP	5
RZV	PZI	9
RFV	VB	50
RFV	SCHA	20
RFV	SPSM	44
RFV	VBR	46
RFV	IJR	7
RFV	VBK	10
RFV	SMLV	24
RFV	SLYV	45
RFV	VTWO	47
RFV	VIOO	5
RFV	SLY	15
RFV	SLYG	38
RFV	IWM	3
RFV	VIOV	21
RFV	VTWV	41
RFV	VTWG	9
RFV	VIOG	33
RFV	IWN	32
RFV	IWO	37
RFV	IJS	22
RFV	XSLV	1
RFV	FNDA	14
RFV	JKJ	13
RFV	EQWS	29
RFV	IJT	35
RFV	JKL	27
RFV	SMLF	51
RFV	JKK	8
RFV	RZV	43
RFV	CSF	26
RFV	RZG	28
RFV	DES	48
RFV	EES	25
RFV	DGRS	2
RFV	RWJ	23
RFV	PXSV	36
RFV	PRFZ	6
RFV	PXSG	34
RFV	SMDV	16
RFV	EWSC	19
RFV	WMCR	49
RFV	FDM	40
RFV	IWC	31
RFV	DWAS	4
RFV	FYX	11
RFV	FYT	17
RFV	FNK	30
RFV	FYC	42
RFV	SCAP	39
RFV	SMCP	18
RFV	PZI	12
CSF	VB	47
CSF	SCHA	10
CSF	SPSM	42
CSF	VBR	9
CSF	IJR	46
CSF	VBK	50
CSF	SMLV	24
CSF	SLYV	13
CSF	VTWO	4
CSF	VIOO	22
CSF	SLY	19
CSF	SLYG	41
CSF	IWM	12
CSF	VIOV	36
CSF	VTWV	38
CSF	VTWG	49
CSF	VIOG	1
CSF	IWN	16
CSF	IWO	37
CSF	IJS	48
CSF	XSLV	6
CSF	FNDA	30
CSF	JKJ	33
CSF	EQWS	25
CSF	IJT	23
CSF	JKL	28
CSF	SMLF	14
CSF	JKK	7
CSF	RZV	44
CSF	RFV	5
CSF	RZG	20
CSF	DES	27
CSF	EES	18
CSF	DGRS	43
CSF	RWJ	51
CSF	PXSV	35
CSF	PRFZ	17
CSF	PXSG	40
CSF	SMDV	21
CSF	EWSC	45
CSF	WMCR	15
CSF	FDM	2
CSF	IWC	29
CSF	DWAS	26
CSF	FYX	8
CSF	FYT	11
CSF	FNK	32
CSF	FYC	3
CSF	SCAP	31
CSF	SMCP	34
CSF	PZI	39
RZG	VB	10
RZG	SCHA	18
RZG	SPSM	30
RZG	VBR	7
RZG	IJR	26
RZG	VBK	6
RZG	SMLV	29
RZG	SLYV	47
RZG	VTWO	21
RZG	VIOO	1
RZG	SLY	19
RZG	SLYG	3
RZG	IWM	25
RZG	VIOV	9
RZG	VTWV	20
RZG	VTWG	22
RZG	VIOG	33
RZG	IWN	50
RZG	IWO	13
RZG	IJS	31
RZG	XSLV	4
RZG	FNDA	27
RZG	JKJ	16
RZG	EQWS	35
RZG	IJT	43
RZG	JKL	8
RZG	SMLF	12
RZG	JKK	48
RZG	RZV	11
RZG	RFV	2
RZG	CSF	34
RZG	DES	32
RZG	EES	15
RZG	DGRS	23
RZG	RWJ	14
RZG	PXSV	5
RZG	PRFZ	42
RZG	PXSG	46
RZG	SMDV	24
RZG	EWSC	41
RZG	WMCR	36
RZG	FDM	38
RZG	IWC	49
RZG	DWAS	37
RZG	FYX	45
RZG	FYT	51
RZG	FNK	28
RZG	FYC	40
RZG	SCAP	17
RZG	SMCP	39
RZG	PZI	44
DES	VB	5
DES	SCHA	50
DES	SPSM	17
DES	VBR	14
DES	IJR	37
DES	VBK	7
DES	SMLV	31
DES	SLYV	33
DES	VTWO	45
DES	VIOO	48
DES	SLY	11
DES	SLYG	32
DES	IWM	34
DES	VIOV	43
DES	VTWV	2
DES	VTWG	26
DES	VIOG	41
DES	IWN	8
DES	IWO	28
DES	IJS	47
DES	XSLV	20
DES	FNDA	19
DES	JKJ	24
DES	EQWS	9
DES	IJT	39
DES	JKL	1
DES	SMLF	51
DES	JKK	16
DES	RZV	22
DES	RFV	38
DES	CSF	46
DES	RZG	30
DES	EES	13
DES	DGRS	15
DES	RWJ	35
DES	PXSV	12
DES	PRFZ	40
DES	PXSG	10
DES	SMDV	23
DES	EWSC	21
DES	WMCR	3
DES	FDM	6
DES	IWC	36
DES	DWAS	49
DES	FYX	18
DES	FYT	42
DES	FNK	44
DES	FYC	25
DES	SCAP	27
DES	SMCP	4
DES	PZI	29
EES	VB	8
EES	SCHA	30
EES	SPSM	3
EES	VBR	9
EES	IJR	5
EES	VBK	16
EES	SMLV	19
EES	SLYV	34
EES	VTWO	4
EES	VIOO	15
EES	SLY	24
EES	SLYG	48
EES	IWM	13
EES	VIOV	31
EES	VTWV	51
EES	VTWG	18
EES	VIOG	42
EES	IWN	43
EES	IWO	41
EES	IJS	46
EES	XSLV	32
EES	FNDA	25
EES	JKJ	11
EES	EQWS	23
EES	IJT	38
EES	JKL	45
EES	SMLF	36
EES	JKK	10
EES	RZV	2
EES	RFV	35
EES	CSF	7
EES	RZG	39
EES	DES	12
EES	DGRS	33
EES	RWJ	20
EES	PXSV	17
EES	PRFZ	44
EES	PXSG	26
EES	SMDV	29
EES	EWSC	50
EES	WMCR	40
EES	FDM	47
EES	IWC	21
EES	DWAS	27
EES	FYX	49
EES	FYT	28
EES	FNK	22
EES	FYC	1
EES	SCAP	6
EES	SMCP	37
EES	PZI	14
DGRS	VB	20
DGRS	SCHA	24
DGRS	SPSM	50
DGRS	VBR	38
DGRS	IJR	36
DGRS	VBK	30
DGRS	SMLV	48
DGRS	SLYV	45
DGRS	VTWO	16
DGRS	VIOO	37
DGRS	SLY	11
DGRS	SLYG	13
DGRS	IWM	27
DGRS	VIOV	42
DGRS	VTWV	12
DGRS	VTWG	22
DGRS	VIOG	32
DGRS	IWN	5
DGRS	IWO	39
DGRS	IJS	7
DGRS	XSLV	26
DGRS	FNDA	21
DGRS	JKJ	10
DGRS	EQWS	41
DGRS	IJT	51
DGRS	JKL	49
DGRS	SMLF	3
DGRS	JKK	18
DGRS	RZV	31
DGRS	RFV	46
DGRS	CSF	1
DGRS	RZG	44
DGRS	DES	33
DGRS	EES	25
DGRS	RWJ	43
DGRS	PXSV	14
DGRS	PRFZ	47
DGRS	PXSG	9
DGRS	SMDV	40
DGRS	EWSC	2
DGRS	WMCR	15
DGRS	FDM	19
DGRS	IWC	28
DGRS	DWAS	23
DGRS	FYX	4
DGRS	FYT	29
DGRS	FNK	6
DGRS	FYC	34
DGRS	SCAP	17
DGRS	SMCP	8
DGRS	PZI	35
RWJ	VB	17
RWJ	SCHA	13
RWJ	SPSM	25
RWJ	VBR	28
RWJ	IJR	42
RWJ	VBK	12
RWJ	SMLV	14
RWJ	SLYV	23
RWJ	VTWO	33
RWJ	VIOO	6
RWJ	SLY	21
RWJ	SLYG	39
RWJ	IWM	8
RWJ	VIOV	27
RWJ	VTWV	11
RWJ	VTWG	51
RWJ	VIOG	50
RWJ	IWN	4
RWJ	IWO	40
RWJ	IJS	19
RWJ	XSLV	32
RWJ	FNDA	31
RWJ	JKJ	47
RWJ	EQWS	2
RWJ	IJT	45
RWJ	JKL	18
RWJ	SMLF	26
RWJ	JKK	10
RWJ	RZV	44
RWJ	RFV	46
RWJ	CSF	15
RWJ	RZG	43
RWJ	DES	48
RWJ	EES	20
RWJ	DGRS	41
RWJ	PXSV	3
RWJ	PRFZ	1
RWJ	PXSG	34
RWJ	SMDV	37
RWJ	EWSC	16
RWJ	WMCR	7
RWJ	FDM	29
RWJ	IWC	49
RWJ	DWAS	22
RWJ	FYX	24
RWJ	FYT	5
RWJ	FNK	35
RWJ	FYC	9
RWJ	SCAP	30
RWJ	SMCP	36
RWJ	PZI	38
PXSV	VB	23
PXSV	SCHA	31
PXSV	SPSM	32
PXSV	VBR	42
PXSV	IJR	14
PXSV	VBK	9
PXSV	SMLV	38
PXSV	SLYV	39
PXSV	VTWO	20
PXSV	VIOO	27
PXSV	SLY	45
PXSV	SLYG	2
PXSV	IWM	43
PXSV	VIOV	18
PXSV	VTWV	19
PXSV	VTWG	17
PXSV	VIOG	22
PXSV	IWN	8
PXSV	IWO	21
PXSV	IJS	13
PXSV	XSLV	12
PXSV	FNDA	28
PXSV	JKJ	37
PXSV	EQWS	25
PXSV	IJT	34
PXSV	JKL	24
PXSV	SMLF	15
PXSV	JKK	29
PXSV	RZV	36
PXSV	RFV	44
PXSV	CSF	6
PXSV	RZG	33
PXSV	DES	5
PXSV	EES	51
PXSV	DGRS	35
PXSV	RWJ	46
PXSV	PRFZ	1
PXSV	PXSG	48
PXSV	SMDV	26
PXSV	EWSC	47
PXSV	WMCR	49
PXSV	FDM	7
PXSV	IWC	30
PXSV	DWAS	11
PXSV	FYX	40
PXSV	FYT	3
PXSV	FNK	10
PXSV	FYC	41
PXSV	SCAP	50
PXSV	SMCP	4
PXSV	PZI	16
PRFZ	VB	38
PRFZ	SCHA	35
PRFZ	SPSM	29
PRFZ	VBR	47
PRFZ	IJR	44
PRFZ	VBK	16
PRFZ	SMLV	37
PRFZ	SLYV	10
PRFZ	VTWO	12
PRFZ	VIOO	23
PRFZ	SLY	27
PRFZ	SLYG	41
PRFZ	IWM	11
PRFZ	VIOV	13
PRFZ	VTWV	22
PRFZ	VTWG	32
PRFZ	VIOG	26
PRFZ	IWN	4
PRFZ	IWO	20
PRFZ	IJS	7
PRFZ	XSLV	50
PRFZ	FNDA	49
PRFZ	JKJ	2
PRFZ	EQWS	39
PRFZ	IJT	18
PRFZ	JKL	30
PRFZ	SMLF	45
PRFZ	JKK	1
PRFZ	RZV	17
PRFZ	RFV	25
PRFZ	CSF	9
PRFZ	RZG	42
PRFZ	DES	14
PRFZ	EES	46
PRFZ	DGRS	19
PRFZ	RWJ	40
PRFZ	PXSV	3
PRFZ	PXSG	51
PRFZ	SMDV	33
PRFZ	EWSC	36
PRFZ	WMCR	15
PRFZ	FDM	43
PRFZ	IWC	6
PRFZ	DWAS	24
PRFZ	FYX	48
PRFZ	FYT	28
PRFZ	FNK	34
PRFZ	FYC	8
PRFZ	SCAP	5
PRFZ	SMCP	31
PRFZ	PZI	21
PXSG	VB	30
PXSG	SCHA	23
PXSG	SPSM	9
PXSG	VBR	35
PXSG	IJR	21
PXSG	VBK	37
PXSG	SMLV	40
PXSG	SLYV	43
PXSG	VTWO	8
PXSG	VIOO	16
PXSG	SLY	51
PXSG	SLYG	47
PXSG	IWM	36
PXSG	VIOV	5
PXSG	VTWV	38
PXSG	VTWG	10
PXSG	VIOG	45
PXSG	IWN	44
PXSG	IWO	32
PXSG	IJS	18
PXSG	XSLV	28
PXSG	FNDA	42
PXSG	JKJ	24
PXSG	EQWS	41
PXSG	IJT	27
PXSG	JKL	31
PXSG	SMLF	6
PXSG	JKK	4
PXSG	RZV	1
PXSG	RFV	19
PXSG	CSF	34
PXSG	RZG	49
PXSG	DES	20
PXSG	EES	29
PXSG	DGRS	39
PXSG	RWJ	12
PXSG	PXSV	46
PXSG	PRFZ	14
PXSG	SMDV	33
PXSG	EWSC	17
PXSG	WMCR	48
PXSG	FDM	7
PXSG	IWC	25
PXSG	DWAS	2
PXSG	FYX	50
PXSG	FYT	3
PXSG	FNK	22
PXSG	FYC	26
PXSG	SCAP	11
PXSG	SMCP	13
PXSG	PZI	15
SMDV	VB	23
SMDV	SCHA	40
SMDV	SPSM	15
SMDV	VBR	1
SMDV	IJR	46
SMDV	VBK	13
SMDV	SMLV	47
SMDV	SLYV	18
SMDV	VTWO	2
SMDV	VIOO	19
SMDV	SLY	26
SMDV	SLYG	43
SMDV	IWM	7
SMDV	VIOV	14
SMDV	VTWV	25
SMDV	VTWG	48
SMDV	VIOG	21
SMDV	IWN	3
SMDV	IWO	10
SMDV	IJS	29
SMDV	XSLV	36
SMDV	FNDA	6
SMDV	JKJ	51
SMDV	EQWS	5
SMDV	IJT	42
SMDV	JKL	4
SMDV	SMLF	11
SMDV	JKK	20
SMDV	RZV	28
SMDV	RFV	8
SMDV	CSF	17
SMDV	RZG	49
SMDV	DES	12
SMDV	EES	22
SMDV	DGRS	27
SMDV	RWJ	16
SMDV	PXSV	39
SMDV	PRFZ	34
SMDV	PXSG	35
SMDV	EWSC	31
SMDV	WMCR	9
SMDV	FDM	30
SMDV	IWC	32
SMDV	DWAS	41
SMDV	FYX	45
SMDV	FYT	37
SMDV	FNK	44
SMDV	FYC	24
SMDV	SCAP	33
SMDV	SMCP	38
SMDV	PZI	50
EWSC	VB	34
EWSC	SCHA	37
EWSC	SPSM	29
EWSC	VBR	2
EWSC	IJR	31
EWSC	VBK	10
EWSC	SMLV	45
EWSC	SLYV	41
EWSC	VTWO	30
EWSC	VIOO	50
EWSC	SLY	40
EWSC	SLYG	4
EWSC	IWM	38
EWSC	VIOV	25
EWSC	VTWV	12
EWSC	VTWG	39
EWSC	VIOG	9
EWSC	IWN	22
EWSC	IWO	36
EWSC	IJS	18
EWSC	XSLV	35
EWSC	FNDA	21
EWSC	JKJ	48
EWSC	EQWS	17
EWSC	IJT	11
EWSC	JKL	13
EWSC	SMLF	28
EWSC	JKK	42
EWSC	RZV	14
EWSC	RFV	23
EWSC	CSF	33
EWSC	RZG	27
EWSC	DES	5
EWSC	EES	8
EWSC	DGRS	51
EWSC	RWJ	3
EWSC	PXSV	19
EWSC	PRFZ	47
EWSC	PXSG	26
EWSC	SMDV	43
EWSC	WMCR	46
EWSC	FDM	15
EWSC	IWC	20
EWSC	DWAS	24
EWSC	FYX	1
EWSC	FYT	16
EWSC	FNK	44
EWSC	FYC	7
EWSC	SCAP	49
EWSC	SMCP	6
EWSC	PZI	32
WMCR	VB	28
WMCR	SCHA	39
WMCR	SPSM	45
WMCR	VBR	41
WMCR	IJR	1
WMCR	VBK	18
WMCR	SMLV	33
WMCR	SLYV	40
WMCR	VTWO	42
WMCR	VIOO	51
WMCR	SLY	23
WMCR	SLYG	47
WMCR	IWM	49
WMCR	VIOV	30
WMCR	VTWV	36
WMCR	VTWG	4
WMCR	VIOG	12
WMCR	IWN	32
WMCR	IWO	27
WMCR	IJS	31
WMCR	XSLV	17
WMCR	FNDA	22
WMCR	JKJ	21
WMCR	EQWS	37
WMCR	IJT	46
WMCR	JKL	24
WMCR	SMLF	3
WMCR	JKK	34
WMCR	RZV	43
WMCR	RFV	38
WMCR	CSF	48
WMCR	RZG	15
WMCR	DES	11
WMCR	EES	14
WMCR	DGRS	29
WMCR	RWJ	10
WMCR	PXSV	6
WMCR	PRFZ	35
WMCR	PXSG	5
WMCR	SMDV	7
WMCR	EWSC	16
WMCR	FDM	20
WMCR	IWC	44
WMCR	DWAS	26
WMCR	FYX	19
WMCR	FYT	50
WMCR	FNK	8
WMCR	FYC	13
WMCR	SCAP	9
WMCR	SMCP	2
WMCR	PZI	25
FDM	VB	33
FDM	SCHA	21
FDM	SPSM	19
FDM	VBR	13
FDM	IJR	31
FDM	VBK	28
FDM	SMLV	50
FDM	SLYV	45
FDM	VTWO	51
FDM	VIOO	47
FDM	SLY	7
FDM	SLYG	10
FDM	IWM	25
FDM	VIOV	46
FDM	VTWV	6
FDM	VTWG	15
FDM	VIOG	39
FDM	IWN	3
FDM	IWO	22
FDM	IJS	41
FDM	XSLV	9
FDM	FNDA	4
FDM	JKJ	44
FDM	EQWS	24
FDM	IJT	34
FDM	JKL	32
FDM	SMLF	37
FDM	JKK	16
FDM	RZV	23
FDM	RFV	1
FDM	CSF	14
FDM	RZG	29
FDM	DES	35
FDM	EES	27
FDM	DGRS	8
FDM	RWJ	26
FDM	PXSV	49
FDM	PRFZ	30
FDM	PXSG	11
FDM	SMDV	20
FDM	EWSC	2
FDM	WMCR	38
FDM	IWC	12
FDM	DWAS	48
FDM	FYX	17
FDM	FYT	43
FDM	FNK	42
FDM	FYC	5
FDM	SCAP	40
FDM	SMCP	18
FDM	PZI	36
IWC	VB	35
IWC	SCHA	47
IWC	SPSM	24
IWC	VBR	43
IWC	IJR	23
IWC	VBK	46
IWC	SMLV	13
IWC	SLYV	38
IWC	VTWO	18
IWC	VIOO	36
IWC	SLY	20
IWC	SLYG	42
IWC	IWM	26
IWC	VIOV	37
IWC	VTWV	39
IWC	VTWG	50
IWC	VIOG	16
IWC	IWN	30
IWC	IWO	48
IWC	IJS	21
IWC	XSLV	44
IWC	FNDA	27
IWC	JKJ	33
IWC	EQWS	1
IWC	IJT	9
IWC	JKL	25
IWC	SMLF	29
IWC	JKK	14
IWC	RZV	28
IWC	RFV	19
IWC	CSF	51
IWC	RZG	49
IWC	DES	32
IWC	EES	40
IWC	DGRS	31
IWC	RWJ	22
IWC	PXSV	12
IWC	PRFZ	8
IWC	PXSG	41
IWC	SMDV	7
IWC	EWSC	2
IWC	WMCR	4
IWC	FDM	15
IWC	DWAS	3
IWC	FYX	11
IWC	FYT	17
IWC	FNK	45
IWC	FYC	6
IWC	SCAP	34
IWC	SMCP	5
IWC	PZI	10
DWAS	VB	51
DWAS	SCHA	41
DWAS	SPSM	44
DWAS	VBR	36
DWAS	IJR	10
DWAS	VBK	38
DWAS	SMLV	17
DWAS	SLYV	15
DWAS	VTWO	48
DWAS	VIOO	37
DWAS	SLY	6
DWAS	SLYG	39
DWAS	IWM	1
DWAS	VIOV	12
DWAS	VTWV	46
DWAS	VTWG	45
DWAS	VIOG	33
DWAS	IWN	9
DWAS	IWO	29
DWAS	IJS	25
DWAS	XSLV	5
DWAS	FNDA	28
DWAS	JKJ	7
DWAS	EQWS	2
DWAS	IJT	24
DWAS	JKL	8
DWAS	SMLF	19
DWAS	JKK	21
DWAS	RZV	32
DWAS	RFV	49
DWAS	CSF	50
DWAS	RZG	20
DWAS	DES	30
DWAS	EES	3
DWAS	DGRS	35
DWAS	RWJ	13
DWAS	PXSV	34
DWAS	PRFZ	42
DWAS	PXSG	11
DWAS	SMDV	47
DWAS	EWSC	40
DWAS	WMCR	26
DWAS	FDM	18
DWAS	IWC	22
DWAS	FYX	4
DWAS	FYT	23
DWAS	FNK	31
DWAS	FYC	14
DWAS	SCAP	27
DWAS	SMCP	16
DWAS	PZI	43
FYX	VB	21
FYX	SCHA	49
FYX	SPSM	17
FYX	VBR	47
FYX	IJR	20
FYX	VBK	38
FYX	SMLV	12
FYX	SLYV	43
FYX	VTWO	10
FYX	VIOO	44
FYX	SLY	16
FYX	SLYG	51
FYX	IWM	24
FYX	VIOV	40
FYX	VTWV	4
FYX	VTWG	11
FYX	VIOG	13
FYX	IWN	22
FYX	IWO	45
FYX	IJS	18
FYX	XSLV	1
FYX	FNDA	7
FYX	JKJ	26
FYX	EQWS	34
FYX	IJT	23
FYX	JKL	50
FYX	SMLF	3
FYX	JKK	39
FYX	RZV	46
FYX	RFV	2
FYX	CSF	8
FYX	RZG	25
FYX	DES	5
FYX	EES	14
FYX	DGRS	9
FYX	RWJ	19
FYX	PXSV	41
FYX	PRFZ	37
FYX	PXSG	33
FYX	SMDV	36
FYX	EWSC	15
FYX	WMCR	32
FYX	FDM	28
FYX	IWC	6
FYX	DWAS	27
FYX	FYT	29
FYX	FNK	42
FYX	FYC	48
FYX	SCAP	30
FYX	SMCP	35
FYX	PZI	31
FYT	VB	10
FYT	SCHA	47
FYT	SPSM	23
FYT	VBR	45
FYT	IJR	6
FYT	VBK	20
FYT	SMLV	2
FYT	SLYV	19
FYT	VTWO	5
FYT	VIOO	9
FYT	SLY	35
FYT	SLYG	14
FYT	IWM	32
FYT	VIOV	30
FYT	VTWV	1
FYT	VTWG	22
FYT	VIOG	46
FYT	IWN	48
FYT	IWO	12
FYT	IJS	26
FYT	XSLV	49
FYT	FNDA	7
FYT	JKJ	17
FYT	EQWS	41
FYT	IJT	43
FYT	JKL	11
FYT	SMLF	36
FYT	JKK	34
FYT	RZV	39
FYT	RFV	24
FYT	CSF	3
FYT	RZG	16
FYT	DES	15
FYT	EES	31
FYT	DGRS	37
FYT	RWJ	29
FYT	PXSV	28
FYT	PRFZ	50
FYT	PXSG	27
FYT	SMDV	4
FYT	EWSC	25
FYT	WMCR	38
FYT	FDM	18
FYT	IWC	21
FYT	DWAS	51
FYT	FYX	13
FYT	FNK	33
FYT	FYC	8
FYT	SCAP	40
FYT	SMCP	42
FYT	PZI	44
FNK	VB	34
FNK	SCHA	9
FNK	SPSM	48
FNK	VBR	46
FNK	IJR	40
FNK	VBK	7
FNK	SMLV	4
FNK	SLYV	26
FNK	VTWO	21
FNK	VIOO	23
FNK	SLY	37
FNK	SLYG	1
FNK	IWM	22
FNK	VIOV	32
FNK	VTWV	42
FNK	VTWG	15
FNK	VIOG	30
FNK	IWN	49
FNK	IWO	17
FNK	IJS	36
FNK	XSLV	31
FNK	FNDA	20
FNK	JKJ	51
FNK	EQWS	10
FNK	IJT	8
FNK	JKL	13
FNK	SMLF	28
FNK	JKK	41
FNK	RZV	5
FNK	RFV	11
FNK	CSF	3
FNK	RZG	43
FNK	DES	35
FNK	EES	2
FNK	DGRS	24
FNK	RWJ	6
FNK	PXSV	50
FNK	PRFZ	12
FNK	PXSG	38
FNK	SMDV	47
FNK	EWSC	25
FNK	WMCR	29
FNK	FDM	33
FNK	IWC	14
FNK	DWAS	39
FNK	FYX	16
FNK	FYT	44
FNK	FYC	27
FNK	SCAP	19
FNK	SMCP	18
FNK	PZI	45
FYC	VB	1
FYC	SCHA	22
FYC	SPSM	46
FYC	VBR	39
FYC	IJR	35
FYC	VBK	12
FYC	SMLV	27
FYC	SLYV	48
FYC	VTWO	45
FYC	VIOO	17
FYC	SLY	41
FYC	SLYG	43
FYC	IWM	23
FYC	VIOV	49
FYC	VTWV	5
FYC	VTWG	26
FYC	VIOG	36
FYC	IWN	34
FYC	IWO	11
FYC	IJS	24
FYC	XSLV	3
FYC	FNDA	16
FYC	JKJ	15
FYC	EQWS	31
FYC	IJT	37
FYC	JKL	29
FYC	SMLF	10
FYC	JKK	28
FYC	RZV	30
FYC	RFV	50
FYC	CSF	32
FYC	RZG	42
FYC	DES	25
FYC	EES	38
FYC	DGRS	47
FYC	RWJ	9
FYC	PXSV	8
FYC	PRFZ	51
FYC	PXSG	4
FYC	SMDV	33
FYC	EWSC	6
FYC	WMCR	40
FYC	FDM	14
FYC	IWC	13
FYC	DWAS	44
FYC	FYX	2
FYC	FYT	7
FYC	FNK	21
FYC	SCAP	20
FYC	SMCP	18
FYC	PZI	19
SCAP	VB	8
SCAP	SCHA	7
SCAP	SPSM	23
SCAP	VBR	13
SCAP	IJR	15
SCAP	VBK	32
SCAP	SMLV	9
SCAP	SLYV	39
SCAP	VTWO	37
SCAP	VIOO	20
SCAP	SLY	28
SCAP	SLYG	19
SCAP	IWM	10
SCAP	VIOV	24
SCAP	VTWV	34
SCAP	VTWG	17
SCAP	VIOG	16
SCAP	IWN	4
SCAP	IWO	31
SCAP	IJS	51
SCAP	XSLV	47
SCAP	FNDA	27
SCAP	JKJ	29
SCAP	EQWS	46
SCAP	IJT	30
SCAP	JKL	41
SCAP	SMLF	43
SCAP	JKK	3
SCAP	RZV	21
SCAP	RFV	42
SCAP	CSF	2
SCAP	RZG	25
SCAP	DES	6
SCAP	EES	35
SCAP	DGRS	50
SCAP	RWJ	5
SCAP	PXSV	33
SCAP	PRFZ	18
SCAP	PXSG	12
SCAP	SMDV	48
SCAP	EWSC	40
SCAP	WMCR	36
SCAP	FDM	45
SCAP	IWC	26
SCAP	DWAS	11
SCAP	FYX	22
SCAP	FYT	44
SCAP	FNK	49
SCAP	FYC	14
SCAP	SMCP	38
SCAP	PZI	1
SMCP	VB	18
SMCP	SCHA	15
SMCP	SPSM	38
SMCP	VBR	8
SMCP	IJR	32
SMCP	VBK	34
SMCP	SMLV	46
SMCP	SLYV	49
SMCP	VTWO	12
SMCP	VIOO	33
SMCP	SLY	35
SMCP	SLYG	44
SMCP	IWM	3
SMCP	VIOV	26
SMCP	VTWV	42
SMCP	VTWG	9
SMCP	VIOG	29
SMCP	IWN	48
SMCP	IWO	21
SMCP	IJS	20
SMCP	XSLV	25
SMCP	FNDA	10
SMCP	JKJ	40
SMCP	EQWS	2
SMCP	IJT	1
SMCP	JKL	17
SMCP	SMLF	23
SMCP	JKK	39
SMCP	RZV	47
SMCP	RFV	31
SMCP	CSF	14
SMCP	RZG	16
SMCP	DES	36
SMCP	EES	13
SMCP	DGRS	41
SMCP	RWJ	11
SMCP	PXSV	24
SMCP	PRFZ	22
SMCP	PXSG	4
SMCP	SMDV	7
SMCP	EWSC	37
SMCP	WMCR	28
SMCP	FDM	19
SMCP	IWC	43
SMCP	DWAS	45
SMCP	FYX	50
SMCP	FYT	5
SMCP	FNK	30
SMCP	FYC	27
SMCP	SCAP	51
SMCP	PZI	6
PZI	VB	50
PZI	SCHA	44
PZI	SPSM	11
PZI	VBR	8
PZI	IJR	31
PZI	VBK	1
PZI	SMLV	25
PZI	SLYV	27
PZI	VTWO	39
PZI	VIOO	42
PZI	SLY	5
PZI	SLYG	26
PZI	IWM	28
PZI	VIOV	37
PZI	VTWV	47
PZI	VTWG	19
PZI	VIOG	35
PZI	IWN	2
PZI	IWO	22
PZI	IJS	41
PZI	XSLV	14
PZI	FNDA	13
PZI	JKJ	18
PZI	EQWS	3
PZI	IJT	33
PZI	JKL	46
PZI	SMLF	45
PZI	JKK	10
PZI	RZV	16
PZI	RFV	32
PZI	CSF	40
PZI	RZG	24
PZI	DES	7
PZI	EES	9
PZI	DGRS	29
PZI	RWJ	6
PZI	PXSV	34
PZI	PRFZ	4
PZI	PXSG	17
PZI	SMDV	38
PZI	EWSC	15
PZI	WMCR	48
PZI	FDM	51
PZI	IWC	30
PZI	DWAS	21
PZI	FYX	12
PZI	FYT	36
PZI	FNK	43
PZI	FYC	49
PZI	SCAP	23
PZI	SMCP	20
